Model,Flip Rate,N Questions
GPT-OSS-20B,6.567164179104477,335
GPT-OSS-120B,3.880597014925373,335
Qwen3-32B,1.4925373134328357,335
Qwen3-235B,1.1940298507462688,335
Gemma-3-4B,0.425531914893617,235
